LatitudeMeasure,LongitudeMeasure,MonitoringLocationIdentifier,Elev_m
41.86687,-111.981,UTAHDWQ_WQX-4903030,1381.88
41.90759,-112.03145,UTAHDWQ_WQX-4903180,1458.64
41.91987,-112.03778,UTAHDWQ_WQX-4903190,1466
41.92906,-112.04463,UTAHDWQ_WQX-4903200,1474.79
41.83326,-111.88439,UTAHDWQ_WQX-4903500,1345.33
41.83326,-111.88439,UTAHDWQ_WQX-4903501,1345.33
41.86968,-111.75797,UTAHDWQ_WQX-4903510,1639.6
41.63604,-111.85074,UTAHDWQ_WQX-4904100,1424.09
41.64039,-111.85017,UTAHDWQ_WQX-4904110,1410.14
41.9764,-111.75627,UTAHDWQ_WQX-4904330,1578.3
41.71889,-111.945,UTAHDWQ_WQX-4904800,1345.25
41.65243,-111.87939,UTAHDWQ_WQX-4904810,1379.7
41.67525,-111.87502,UTAHDWQ_WQX-4904870,1369.71
41.72072,-111.92731,UTAHDWQ_WQX-4904900,1345.25
41.69243,-111.91328,UTAHDWQ_WQX-4904920,1351.35
41.66798,-111.89051,UTAHDWQ_WQX-4904940,1369.65
41.69991,-111.90267,UTAHDWQ_WQX-4904965,1351.24
41.69799,-111.88105,UTAHDWQ_WQX-4904990,1351.7
41.71889,-111.945,UTAHDWQ_WQX-4905000,1345.25
41.69215,-111.94245,UTAHDWQ_WQX-4905030,1348.36
41.72049,-111.88661,UTAHDWQ_WQX-4905040,1351.43
41.74309,-111.91986,UTAHDWQ_WQX-4905137,1345.25
41.7064,-111.86222,UTAHDWQ_WQX-4905140,1360.47
41.7064,-111.86222,UTAHDWQ_WQX-4905142,1360.47
41.70604,-111.84938,UTAHDWQ_WQX-4905150,1363.54
41.71299,-111.87318,UTAHDWQ_WQX-4905158,1354.05
41.7166,-111.86077,UTAHDWQ_WQX-4905170,1360.71
41.70611,-111.8485,UTAHDWQ_WQX-4905188,1363.45
41.71591,-111.83993,UTAHDWQ_WQX-4905192,1369.36
41.72132,-111.83466,UTAHDWQ_WQX-4905195,1375.12
41.73912,-111.79577,UTAHDWQ_WQX-4905198,1412.85
41.74356,-111.7845,UTAHDWQ_WQX-4905200,1426.22
41.78021,-111.63549,UTAHDWQ_WQX-4905240,1625.21
41.8338,-111.59183,UTAHDWQ_WQX-4905270,1760.61
41.74356,-111.7845,UTAHDWQ_WQX-4905301,1426.22
41.70438,-111.85189,UTAHDWQ_WQX-4905400,1363.29
41.62659,-111.80078,UTAHDWQ_WQX-4905440,1451.06
41.63484,-111.70861,UTAHDWQ_WQX-4905450,1557.3
41.6666,-111.91744,UTAHDWQ_WQX-4905580,1352.19
41.64339,-111.91725,UTAHDWQ_WQX-4905630,1366.55
41.64339,-111.91725,UTAHDWQ_WQX-4905631,1366.55
41.63354,-111.8905,UTAHDWQ_WQX-4905650,1384.84
41.57576,-111.85439,UTAHDWQ_WQX-4905670,1446.27
41.51469,-111.81279,UTAHDWQ_WQX-4905740,1526.46
41.52966,-111.81299,UTAHDWQ_WQX-4905750,1512.98
41.8391,-111.32964,UTAHDWQ_WQX-4907100,1811.6
41.98577,-111.25631,UTAHDWQ_WQX-4907120,1834.93
41.98549,-111.41187,UTAHDWQ_WQX-4907200,1814.79
41.77716,-111.07352,UTAHDWQ_WQX-4908100,1894.74
41.59548,-111.30738,UTAHDWQ_WQX-4908140,2002.35
41.7688,-111.17409,UTAHDWQ_WQX-4908146,1950.45
41.79065,-111.21611,UTAHDWQ_WQX-4908147,2051.27
41.76834,-111.17437,UTAHDWQ_WQX-4908148,1949.4
41.70216,-111.25806,UTAHDWQ_WQX-4908160,1986.67
41.71522,-111.25659,UTAHDWQ_WQX-4908168,1986.23
41.72689,-111.2552,UTAHDWQ_WQX-4908170,1985.57
41.65411,-111.18519,UTAHDWQ_WQX-4908180,1912.9
41.58611,-111.30767,UTAHDWQ_WQX-4908190,2008.21
41.58611,-111.30767,UTAHDWQ_WQX-4908191,2008.21
41.81247,-111.17487,UTAHDWQ_WQX-4908246,1998.18
41.69642,-111.11729,UTAHDWQ_WQX-4908280,1899.21
41.69642,-111.11729,UTAHDWQ_WQX-4908281,1899.21
41.53207,-111.13214,UTAHDWQ_WQX-4908500,1916.12
41.70177,-111.84214,UTAHDWQ_WQX-4908735,1365.31
41.95797,-111.78365,UTAHDWQ_WQX-4908746,1450.06
41.89654,-111.13205,UTAHDWQ_WQX-4908747,2021.95
40.91273,-110.82962,UTAHDWQ_WQX-4909850,2527.26
41.13689,-111.82717,UTAHDWQ_WQX-4920990,1465.84
41.13689,-111.82717,UTAHDWQ_WQX-4921000,1465.84
41.11543,-111.76709,UTAHDWQ_WQX-4921133,1488.56
41.18365,-111.93931,UTAHDWQ_WQX-4922700,1481.81
41.22883,-111.99911,UTAHDWQ_WQX-4922990,1302.09
41.23579,-112.00125,UTAHDWQ_WQX-4923010,1301.03
41.23421,-111.97838,UTAHDWQ_WQX-4923177,1305.35
41.23663,-111.92912,UTAHDWQ_WQX-4923200,1342.62
41.23663,-111.92912,UTAHDWQ_WQX-4923205,1342.62
41.25328,-111.84244,UTAHDWQ_WQX-4924590,1478.72
41.3135,-111.84093,UTAHDWQ_WQX-4924650,1521.18
41.28772,-111.77717,UTAHDWQ_WQX-4924660,1501.11
41.24627,-111.76483,UTAHDWQ_WQX-4924670,1499
41.24897,-111.76161,UTAHDWQ_WQX-4924680,1500.4
41.2822,-111.6537,UTAHDWQ_WQX-4924690,1601.85
41.29716,-111.6177,UTAHDWQ_WQX-4924710,1652.7
41.31469,-111.57645,UTAHDWQ_WQX-4924760,1740.54
41.03177,-111.69077,UTAHDWQ_WQX-4924960,1541.77
40.97719,-111.67415,UTAHDWQ_WQX-4925039,1574.5
40.86911,-111.58632,UTAHDWQ_WQX-4925195,1749.96
40.81565,-111.58514,UTAHDWQ_WQX-4925218,1838.37
40.76925,-111.58368,UTAHDWQ_WQX-4925230,1887.01
40.76925,-111.58368,UTAHDWQ_WQX-4925231,1887.01
40.7596,-111.56448,UTAHDWQ_WQX-4925240,1902.69
40.75548,-111.564,UTAHDWQ_WQX-4925260,1912.21
40.72491,-111.53611,UTAHDWQ_WQX-4925320,1939.87
40.73871,-111.55612,UTAHDWQ_WQX-4925330,1928.17
40.72839,-111.53667,UTAHDWQ_WQX-4925350,1936.03
40.72298,-111.51848,UTAHDWQ_WQX-4925360,1942.41
40.72384,-111.51965,UTAHDWQ_WQX-4925410,1942.44
40.68189,-111.53409,UTAHDWQ_WQX-4925440,2022.18
41.06161,-111.72855,UTAHDWQ_WQX-4925520,1520.96
41.02455,-111.7267,UTAHDWQ_WQX-4925532,1558.9
41.04216,-111.6797,UTAHDWQ_WQX-4925540,1540.63
40.75423,-111.57035,UTAHDWQ_WQX-4925610,1923.73
40.69023,-111.54658,UTAHDWQ_WQX-4925660,2035.73
41.07032,-111.52102,UTAHDWQ_WQX-4925760,1611.29
41.17967,-111.40381,UTAHDWQ_WQX-4925900,1776.14
41.05874,-111.58734,UTAHDWQ_WQX-4925955,1580.46
41.05939,-111.53937,UTAHDWQ_WQX-4925960,1596.47
41.05939,-111.53937,UTAHDWQ_WQX-4925962,1596.47
41.04313,-111.52039,UTAHDWQ_WQX-4925993,1608.47
41.04105,-111.51701,UTAHDWQ_WQX-4925997,1610.57
41.01819,-111.49528,UTAHDWQ_WQX-4926000,1622.78
41.01245,-111.37136,UTAHDWQ_WQX-4926040,1753.78
40.96835,-111.43786,UTAHDWQ_WQX-4926070,1661.89
41.03327,-111.33472,UTAHDWQ_WQX-4926080,1776.32
40.96661,-111.43714,UTAHDWQ_WQX-4926100,1664.93
40.92038,-111.41058,UTAHDWQ_WQX-4926170,1699.83
40.92051,-111.40131,UTAHDWQ_WQX-4926220,1698.95
40.96301,-111.23491,UTAHDWQ_WQX-4926260,1878.78
40.93244,-111.29242,UTAHDWQ_WQX-4926290,1796.77
40.91963,-111.40389,UTAHDWQ_WQX-4926310,1695.98
40.92051,-111.40131,UTAHDWQ_WQX-4926350,1698.95
40.92051,-111.40131,UTAHDWQ_WQX-4926352,1698.95
40.90927,-111.23525,UTAHDWQ_WQX-4926355,1883.9
40.92575,-111.27317,UTAHDWQ_WQX-4926360,1823.9
40.90572,-111.22474,UTAHDWQ_WQX-4926361,1902.41
40.87986,-111.21614,UTAHDWQ_WQX-4926363,1957.13
40.95918,-111.11806,UTAHDWQ_WQX-4926370,2049.45
40.9618,-111.104,UTAHDWQ_WQX-4926380,2068.27
40.93884,-111.15518,UTAHDWQ_WQX-4926390,1976.2
40.91189,-111.40631,UTAHDWQ_WQX-4926400,1703.98
40.80579,-111.4367,UTAHDWQ_WQX-4926700,1833.9
40.74175,-111.47485,UTAHDWQ_WQX-4926740,1972.28
40.80967,-111.40742,UTAHDWQ_WQX-4926750,1786.62
40.72297,-111.47868,UTAHDWQ_WQX-4926800,1975.38
40.67384,-111.46445,UTAHDWQ_WQX-4926850,2024.11
40.65915,-111.50175,UTAHDWQ_WQX-4926948,2085.07
40.65915,-111.50175,UTAHDWQ_WQX-4926950,2085.07
40.79217,-111.40465,UTAHDWQ_WQX-4927010,1796.75
40.75291,-111.37375,UTAHDWQ_WQX-4927247,1842.1
40.75291,-111.37375,UTAHDWQ_WQX-4927250,1842.1
40.72471,-111.34151,UTAHDWQ_WQX-4927500,1887.43
40.70946,-111.29993,UTAHDWQ_WQX-4928005,1950.49
40.64488,-111.28405,UTAHDWQ_WQX-4928530,1970.24
40.63829,-111.26241,UTAHDWQ_WQX-4928540,2001.26
40.61637,-111.21153,UTAHDWQ_WQX-4929010,2088.19
40.63073,-111.18683,UTAHDWQ_WQX-4929100,2143.95
40.73078,-111.25491,UTAHDWQ_WQX-4929200,2014.59
40.78495,-111.15546,UTAHDWQ_WQX-4929490,2181.09
40.78745,-111.13352,UTAHDWQ_WQX-4929590,2209.57
39.33886,-110.96189,UTAHDWQ_WQX-4930524,1754.58
39.39191,-111.10267,UTAHDWQ_WQX-4930530,2002.91
39.73478,-110.87253,UTAHDWQ_WQX-4932810,1868.63
39.87607,-111.03739,UTAHDWQ_WQX-4932830,2207.97
39.8033,-110.35293,UTAHDWQ_WQX-4933380,1856.64
39.78477,-110.41823,UTAHDWQ_WQX-4933407,1946.57
40.02719,-109.73292,UTAHDWQ_WQX-4933500,1420.39
39.8843,-109.65125,UTAHDWQ_WQX-4933524,1522.15
39.66183,-109.55066,UTAHDWQ_WQX-4933532,1712.09
39.73478,-110.87253,UTAHDWQ_WQX-4933590,1868.63
39.97024,-109.41235,UTAHDWQ_WQX-4933770,1448.26
39.75338,-109.35532,UTAHDWQ_WQX-4933771,1703.42
39.99621,-110.4526,UTAHDWQ_WQX-4934240,2042.51
40.16357,-110.39237,UTAHDWQ_WQX-4934500,1676.01
40.16107,-110.38849,UTAHDWQ_WQX-4934508,1674.21
40.16107,-110.38849,UTAHDWQ_WQX-4934510,1674.21
40.15746,-110.40487,UTAHDWQ_WQX-4934530,1680.28
40.53948,-109.9546,UTAHDWQ_WQX-4935063,2041.11
40.53294,-109.92364,UTAHDWQ_WQX-4935070,2039.44
40.44414,-110.36424,UTAHDWQ_WQX-4935110,2108.73
40.60634,-110.12654,UTAHDWQ_WQX-4935160,2274.08
40.30021,-110.60205,UTAHDWQ_WQX-4935270,1887.89
40.50403,-110.58111,UTAHDWQ_WQX-4935450,2215.42
40.20761,-110.13249,UTAHDWQ_WQX-4935733,1568.4
40.20885,-110.11738,UTAHDWQ_WQX-4935740,1561.58
40.20885,-110.11738,UTAHDWQ_WQX-4935742,1561.58
40.35761,-110.31338,UTAHDWQ_WQX-4935820,1912.01
39.99607,-110.58459,UTAHDWQ_WQX-4936000,2081.6
39.99205,-110.81388,UTAHDWQ_WQX-4936045,2072.45
40.19154,-110.51672,UTAHDWQ_WQX-4936083,1750.42
39.99277,-110.81493,UTAHDWQ_WQX-4936110,2073.07
40.12662,-110.74182,UTAHDWQ_WQX-4936130,1848.43
40.15468,-110.55487,UTAHDWQ_WQX-4936150,1746.49
40.15468,-110.55487,UTAHDWQ_WQX-4936151,1746.49
40.19501,-110.87039,UTAHDWQ_WQX-4936194,1995.94
40.29939,-111.011,UTAHDWQ_WQX-4936200,2233.82
40.05938,-110.87567,UTAHDWQ_WQX-4936225,2235.07
40.11882,-110.7448,UTAHDWQ_WQX-4936260,1851.63
40.13359,-111.0254,UTAHDWQ_WQX-4936300,2243.5
40.23795,-111.18244,UTAHDWQ_WQX-4936530,2317.94
40.29579,-111.17322,UTAHDWQ_WQX-4936560,2450.61
40.20245,-111.18406,UTAHDWQ_WQX-4936600,2316.82
40.13132,-111.18015,UTAHDWQ_WQX-4936606,2328.82
40.11607,-111.17655,UTAHDWQ_WQX-4936610,2327.25
40.23329,-111.18823,UTAHDWQ_WQX-4936620,2325.88
40.2375,-111.18417,UTAHDWQ_WQX-4936650,2318.64
40.2375,-111.18417,UTAHDWQ_WQX-4936652,2318.64
40.36626,-111.22526,UTAHDWQ_WQX-4936685,2523.35
40.28106,-111.22631,UTAHDWQ_WQX-4936710,2360.53
40.46578,-110.83267,UTAHDWQ_WQX-4936770,2137.2
40.45023,-111.01238,UTAHDWQ_WQX-4936800,2388.19
40.74296,-109.68133,UTAHDWQ_WQX-4937732,2818.88
40.73551,-109.73821,UTAHDWQ_WQX-4937770,2945.56
40.5894,-109.46819,UTAHDWQ_WQX-4937860,1719.78
40.58746,-109.05734,UTAHDWQ_WQX-4937940,1690.97
40.74043,-109.42377,UTAHDWQ_WQX-4937976,2488.13
40.86522,-109.08256,UTAHDWQ_WQX-4938066,1696.08
40.88218,-109.14844,UTAHDWQ_WQX-4938110,1652.24
40.8995,-109.1718,UTAHDWQ_WQX-4938140,1660.54
40.88524,-109.27485,UTAHDWQ_WQX-4938310,1970.95
40.91174,-109.31313,UTAHDWQ_WQX-4938334,1694.52
40.91045,-109.31531,UTAHDWQ_WQX-4938338,1687.9
40.91045,-109.31531,UTAHDWQ_WQX-4938340,1687.9
40.90718,-109.30513,UTAHDWQ_WQX-4938350,1685.37
40.7944,-109.44403,UTAHDWQ_WQX-4938700,2490.26
40.78816,-109.47,UTAHDWQ_WQX-4938710,2480.21
40.82655,-109.44056,UTAHDWQ_WQX-4938720,2440.62
40.77468,-109.4718,UTAHDWQ_WQX-4938750,2492.83
40.80412,-109.45347,UTAHDWQ_WQX-4938780,2454.1
40.86385,-109.57737,UTAHDWQ_WQX-4938800,2242.15
40.87218,-109.69237,UTAHDWQ_WQX-4938830,2231.15
40.92746,-109.71987,UTAHDWQ_WQX-4938850,1883.93
40.92746,-109.71987,UTAHDWQ_WQX-4938852,1883.93
40.93746,-109.7682,UTAHDWQ_WQX-4938950,1976.31
40.94357,-110.16246,UTAHDWQ_WQX-4939280,2585.86
40.99356,-110.15626,UTAHDWQ_WQX-4939320,2432.98
40.99384,-110.1646,UTAHDWQ_WQX-4939340,2436.31
40.93328,-110.4015,UTAHDWQ_WQX-4939490,2866.45
40.94578,-110.57641,UTAHDWQ_WQX-4939530,2706.59
40.94689,-110.58127,UTAHDWQ_WQX-4939540,2712.98
40.94689,-110.58127,UTAHDWQ_WQX-4939542,2712.98
40.93967,-110.58836,UTAHDWQ_WQX-4939550,2733.48
40.92967,-110.60656,UTAHDWQ_WQX-4939570,2768.36
38.27997,-112.56788,UTAHDWQ_WQX-4940150,1890.32
38.95024,-112.26938,UTAHDWQ_WQX-4940200,1667.66
37.67341,-113.02912,UTAHDWQ_WQX-4940480,1847.55
37.58081,-113.52945,UTAHDWQ_WQX-4940654,1761.2
37.50598,-113.50009,UTAHDWQ_WQX-4940660,1907.46
39.20274,-111.7027,UTAHDWQ_WQX-4946360,1651.86
39.20274,-111.7027,UTAHDWQ_WQX-4946361,1651.86
39.54679,-111.51356,UTAHDWQ_WQX-4946750,1714.98
39.54679,-111.51356,UTAHDWQ_WQX-4946751,1714.98
39.57479,-111.47039,UTAHDWQ_WQX-4946756,1750.41
39.63829,-111.44658,UTAHDWQ_WQX-4946790,1816.66
39.6086,-111.44832,UTAHDWQ_WQX-4946839,1780.29
39.6086,-111.44832,UTAHDWQ_WQX-4946840,1780.29
38.3252,-111.95204,UTAHDWQ_WQX-4948722,1999.38
38.32555,-111.95086,UTAHDWQ_WQX-4948724,2000.25
38.34322,-111.9467,UTAHDWQ_WQX-4948727,2015.35
38.57994,-112.45193,UTAHDWQ_WQX-4948810,1992.93
38.5797,-112.28876,UTAHDWQ_WQX-4948820,1736.57
38.5797,-112.28876,UTAHDWQ_WQX-4948821,1736.57
38.2661,-111.95416,UTAHDWQ_WQX-4948870,1962.34
38.29574,-111.95199,UTAHDWQ_WQX-4948878,1975.7
38.31101,-111.95284,UTAHDWQ_WQX-4948885,1987.71
38.44054,-111.94825,UTAHDWQ_WQX-4948920,2138.67
38.35209,-111.94642,UTAHDWQ_WQX-4948940,2025.73
38.57998,-112.25798,UTAHDWQ_WQX-4948950,1687.77
38.56414,-111.84936,UTAHDWQ_WQX-4949070,2107.17
38.2004,-112.15335,UTAHDWQ_WQX-4949100,1871.45
38.44908,-112.22012,UTAHDWQ_WQX-4949131,1774.52
38.33191,-112.1884,UTAHDWQ_WQX-4949150,1802.89
38.10962,-112.00186,UTAHDWQ_WQX-4949260,1957.28
38.10185,-112.02147,UTAHDWQ_WQX-4949263,2006.41
38.20831,-112.20743,UTAHDWQ_WQX-4949420,1826.87
38.09809,-112.33604,UTAHDWQ_WQX-4949450,1905.4
37.49322,-112.33786,UTAHDWQ_WQX-4949464,2519.74
38.04727,-112.01977,UTAHDWQ_WQX-4949533,2169.07
38.00057,-112.05549,UTAHDWQ_WQX-4949583,2280.29
38.09588,-111.9208,UTAHDWQ_WQX-4949590,2068.64
38.09703,-111.91714,UTAHDWQ_WQX-4949591,2084.54
37.43097,-112.35125,UTAHDWQ_WQX-4949612,2545.42
37.74942,-112.37492,UTAHDWQ_WQX-4949630,2049.83
37.77179,-112.39102,UTAHDWQ_WQX-4949635,2042.96
37.94192,-112.4166,UTAHDWQ_WQX-4949640,1963.41
37.6515,-112.43043,UTAHDWQ_WQX-4949650,2095.01
37.8234,-112.40615,UTAHDWQ_WQX-4949660,2011.05
37.85164,-112.43604,UTAHDWQ_WQX-4949670,1993.09
37.85164,-112.43604,UTAHDWQ_WQX-4949671,1993.09
37.6281,-112.45531,UTAHDWQ_WQX-4949700,2114.48
37.58415,-112.4766,UTAHDWQ_WQX-4949900,2134.92
38.044,-111.97581,UTAHDWQ_WQX-4949910,2010.06
38.2661,-111.95416,UTAHDWQ_WQX-4949950,1962.34
38.01082,-111.96574,UTAHDWQ_WQX-4949970,2092.65
38.01082,-111.96574,UTAHDWQ_WQX-4949971,2092.65
38.01122,-111.96658,UTAHDWQ_WQX-4949980,2092.92
37.34692,-112.8242,UTAHDWQ_WQX-4951155,1872.01
37.39026,-112.8255,UTAHDWQ_WQX-4951260,1817.78
37.37098,-112.88277,UTAHDWQ_WQX-4951265,1696.19
37.37098,-112.88277,UTAHDWQ_WQX-4951266,1696.19
37.76471,-111.68351,UTAHDWQ_WQX-4953980,1861.7
37.85388,-111.35517,UTAHDWQ_WQX-4954080,1729.13
37.77625,-111.41878,UTAHDWQ_WQX-4954210,1581.92
38.30693,-111.51795,UTAHDWQ_WQX-4954380,2098.71
38.26998,-111.37546,UTAHDWQ_WQX-4954390,2012.59
38.52025,-111.57102,UTAHDWQ_WQX-4954550,2349.91
38.2872,-111.24767,UTAHDWQ_WQX-4954770,1646.71
38.29776,-111.29851,UTAHDWQ_WQX-4954775,1777.95
38.1801,-111.18087,UTAHDWQ_WQX-4954780,1804.83
38.0844,-111.14042,UTAHDWQ_WQX-4954795,1775.16
38.30693,-111.51795,UTAHDWQ_WQX-4954800,2098.71
38.39706,-111.6376,UTAHDWQ_WQX-4955310,2145.49
38.87617,-111.2912,UTAHDWQ_WQX-4955423,1830.2
37.98305,-109.51678,UTAHDWQ_WQX-4955790,1884.31
38.5722,-109.56095,UTAHDWQ_WQX-4956360,1216.62
38.57123,-109.55081,UTAHDWQ_WQX-4956390,1225.66
38.56366,-109.53343,UTAHDWQ_WQX-4956393,1252.23
38.56125,-109.52211,UTAHDWQ_WQX-4956395,1273.85
38.48018,-109.3982,UTAHDWQ_WQX-4956398,1677.13
38.48018,-109.3982,UTAHDWQ_WQX-4956399,1677.13
38.56415,-109.50651,UTAHDWQ_WQX-4956410,1307.81
38.56321,-109.50692,UTAHDWQ_WQX-4956430,1304.64
38.57024,-109.55409,UTAHDWQ_WQX-4956455,1221.37
38.44582,-109.38539,UTAHDWQ_WQX-4956480,1737.89
38.43509,-109.35347,UTAHDWQ_WQX-4956485,1888.28
38.55551,-109.52473,UTAHDWQ_WQX-4956490,1274.41
38.54799,-109.51245,UTAHDWQ_WQX-4956510,1299.41
38.53429,-109.49351,UTAHDWQ_WQX-4956530,1365.31
38.36354,-109.21591,UTAHDWQ_WQX-4958877,2482.84
38.38967,-109.16943,UTAHDWQ_WQX-4958883,2429.83
38.38516,-109.20911,UTAHDWQ_WQX-4958890,2522.07
38.32749,-109.06039,UTAHDWQ_WQX-4958900,1812.23
41.03058,-111.89778,UTAHDWQ_WQX-4990296,1469.48
41.01456,-111.89386,UTAHDWQ_WQX-4990306,1465.12
41.00133,-111.87327,UTAHDWQ_WQX-4990340,1547.8
40.97398,-111.87186,UTAHDWQ_WQX-4990365,1468.51
40.99165,-111.88009,UTAHDWQ_WQX-4990368,1437.95
40.96661,-111.87251,UTAHDWQ_WQX-4990370,1469.24
40.92324,-111.86486,UTAHDWQ_WQX-4990376,1414.77
40.93189,-111.87105,UTAHDWQ_WQX-4990380,1368.01
40.93925,-111.87636,UTAHDWQ_WQX-4990415,1336.46
40.56045,-111.52809,UTAHDWQ_WQX-4990473,2050.9
40.56059,-111.52781,UTAHDWQ_WQX-4990475,2049.56
40.89308,-111.85271,UTAHDWQ_WQX-4990620,1472.79
40.90939,-111.91105,UTAHDWQ_WQX-4990640,1286.03
40.88089,-111.84282,UTAHDWQ_WQX-4990650,1550.93
40.84629,-111.85336,UTAHDWQ_WQX-4990996,1694.99
40.84629,-111.85336,UTAHDWQ_WQX-4990997,1694.99
40.7919,-111.87785,UTAHDWQ_WQX-4991930,1428.24
40.78134,-111.88436,UTAHDWQ_WQX-4991938,1372.82
40.81531,-111.83063,UTAHDWQ_WQX-4991950,1628.83
40.74718,-111.84449,UTAHDWQ_WQX-4992087,1399.58
40.73021,-111.85662,UTAHDWQ_WQX-4992135,1336.29
40.74985,-111.8078,UTAHDWQ_WQX-4992141,1500.78
40.78703,-111.71632,UTAHDWQ_WQX-4992162,1776.02
40.7619,-111.70826,UTAHDWQ_WQX-4992170,1683.31
40.71273,-111.81307,UTAHDWQ_WQX-4992240,1401.19
40.70453,-111.87859,UTAHDWQ_WQX-4992560,1296.99
40.68911,-111.78771,UTAHDWQ_WQX-4992630,1522.13
40.67995,-111.90577,UTAHDWQ_WQX-4992970,1295.36
40.61856,-111.78136,UTAHDWQ_WQX-4993100,1525.3
40.66633,-111.9066,UTAHDWQ_WQX-4993580,1297.98
40.5785,-111.7972,UTAHDWQ_WQX-4993650,1550.28
40.36856,-111.83549,UTAHDWQ_WQX-4994950,1373.51
40.0269,-111.50408,UTAHDWQ_WQX-4995640,1512.87
40.0812,-111.36328,UTAHDWQ_WQX-4995670,1670.82
40.07624,-111.38337,UTAHDWQ_WQX-4995690,1644.28
40.11718,-111.31212,UTAHDWQ_WQX-4995700,2034.63
40.08468,-111.35518,UTAHDWQ_WQX-4995710,1684.13
40.11773,-111.31517,UTAHDWQ_WQX-4995720,1954.56
40.08412,-111.35462,UTAHDWQ_WQX-4995730,1697.99
40.16107,-111.25073,UTAHDWQ_WQX-4995780,2276.87
40.184,-111.64727,UTAHDWQ_WQX-4996100,1370.35
40.18558,-111.61883,UTAHDWQ_WQX-4996310,1375.89
40.19953,-111.63104,UTAHDWQ_WQX-4996450,1371.88
40.2369,-111.7316,UTAHDWQ_WQX-4996680,1367.69
40.32634,-111.64215,UTAHDWQ_WQX-4996780,1492.17
40.34773,-111.5902,UTAHDWQ_WQX-4996810,1577.57
40.35273,-111.57019,UTAHDWQ_WQX-4996830,1603.08
40.3644,-111.55686,UTAHDWQ_WQX-4996850,1590.78
40.40329,-111.53047,UTAHDWQ_WQX-4996870,1617.74
40.38943,-111.43126,UTAHDWQ_WQX-4996880,1707.91
40.40303,-111.52966,UTAHDWQ_WQX-4996890,1611.82
40.38968,-111.43158,UTAHDWQ_WQX-4996900,1707.15
40.38611,-111.43482,UTAHDWQ_WQX-4996905,1708.96
40.38611,-111.43482,UTAHDWQ_WQX-4996906,1708.96
40.37551,-111.42463,UTAHDWQ_WQX-4996910,1735.75
40.34743,-111.40267,UTAHDWQ_WQX-4996913,1863.85
40.34214,-111.41008,UTAHDWQ_WQX-4996915,1903.67
40.3794,-111.4213,UTAHDWQ_WQX-4996920,1733.19
40.33445,-111.37876,UTAHDWQ_WQX-4996925,1948.07
40.53685,-111.48562,UTAHDWQ_WQX-4996950,1753.76
40.51456,-111.48367,UTAHDWQ_WQX-4997198,1703.59
40.51456,-111.48367,UTAHDWQ_WQX-4997199,1703.59
40.51899,-111.48768,UTAHDWQ_WQX-4997238,1735.17
40.5235,-111.48196,UTAHDWQ_WQX-4997243,1723.85
40.5266,-111.48485,UTAHDWQ_WQX-4997245,1737.42
40.50024,-111.44467,UTAHDWQ_WQX-4997250,1674.65
40.50024,-111.44467,UTAHDWQ_WQX-4997251,1674.65
40.5114,-111.42485,UTAHDWQ_WQX-4997264,1690.28
40.51426,-111.42748,UTAHDWQ_WQX-4997268,1686.69
40.52176,-111.43751,UTAHDWQ_WQX-4997272,1694.44
40.52186,-111.43162,UTAHDWQ_WQX-4997274,1695.95
40.51523,-111.42296,UTAHDWQ_WQX-4997280,1690.75
40.52205,-111.41619,UTAHDWQ_WQX-4997283,1694.97
40.52045,-111.41079,UTAHDWQ_WQX-4997285,1698.83
40.54427,-111.43214,UTAHDWQ_WQX-4997289,1722.43
40.54421,-111.42632,UTAHDWQ_WQX-4997293,1723.86
40.55684,-111.42565,UTAHDWQ_WQX-4997298,1741.76
40.55412,-111.43158,UTAHDWQ_WQX-4997300,1733.68
40.5721,-111.4284,UTAHDWQ_WQX-4997314,1758.84
40.59495,-111.42714,UTAHDWQ_WQX-4997330,1790.13
40.61708,-111.43213,UTAHDWQ_WQX-4997675,1900.36
40.60107,-111.3313,UTAHDWQ_WQX-4998115,1896.77
40.60107,-111.3313,UTAHDWQ_WQX-4998117,1896.77
40.60192,-111.34101,UTAHDWQ_WQX-4998130,1885.59
40.60995,-111.30518,UTAHDWQ_WQX-4998140,1929.22
40.55773,-111.16878,UTAHDWQ_WQX-4998400,2123.56
40.55712,-111.13076,UTAHDWQ_WQX-4998480,2185.58
40.59225,-110.99859,UTAHDWQ_WQX-4999000,2476.02
40.38745,-111.54528,UTAHDWQ_WQX-4999505,1593.79
40.55858,-111.1738,UTAHDWQ_WQX-4999516,2117.43
40.46135,-111.47157,UTAHDWQ_WQX-5910020,1655.01
40.4821,-111.4706,UTAHDWQ_WQX-5910160,1652.26
40.4821,-111.4706,UTAHDWQ_WQX-5910162,1652.26
40.5144,-111.42769,UTAHDWQ_WQX-5910210,1686.87
40.50717,-111.44963,UTAHDWQ_WQX-5910250,1674.16
40.52178,-111.41605,UTAHDWQ_WQX-5910273,1694.85
40.38635,-111.4224,UTAHDWQ_WQX-5910280,1722.52
40.40414,-111.45859,UTAHDWQ_WQX-5910290,1670.99
40.52181,-111.42761,UTAHDWQ_WQX-5910295,1696.11
40.53151,-111.41036,UTAHDWQ_WQX-5910300,1710.93
40.53625,-111.41191,UTAHDWQ_WQX-5910302,1716.46
40.54301,-111.50074,UTAHDWQ_WQX-5910450,1811.09
40.55634,-111.42963,UTAHDWQ_WQX-5910510,1737.79
40.40632,-111.47251,UTAHDWQ_WQX-5910619,1655.82
40.48579,-111.46157,UTAHDWQ_WQX-5911120,1656.34
40.40303,-111.52966,UTAHDWQ_WQX-5913210,1611.82
40.46079,-111.47158,UTAHDWQ_WQX-5913520,1655.16
40.48412,-111.46518,UTAHDWQ_WQX-5913630,1655.35
39.7249,-111.16054,UTAHDWQ_WQX-5931480,2352.19
39.77524,-111.186,UTAHDWQ_WQX-5931650,2330.05
39.78302,-111.17684,UTAHDWQ_WQX-5931680,2325.58
40.76294,-109.29653,UTAHDWQ_WQX-5937840,2293.36
40.76884,-109.31986,UTAHDWQ_WQX-5937880,2299.55
40.99411,-110.38377,UTAHDWQ_WQX-5939330,2756.5
38.25358,-112.76689,UTAHDWQ_WQX-5940210,1693.44
38.27997,-112.56788,UTAHDWQ_WQX-5940440,1890.32
38.4847,-112.07213,UTAHDWQ_WQX-5945030,2949.02
38.48845,-112.07334,UTAHDWQ_WQX-5945070,2971.41
37.52445,-112.6697,UTAHDWQ_WQX-5946746,2561.8
37.72831,-112.61966,UTAHDWQ_WQX-5949470,2469.41
37.72692,-112.65077,UTAHDWQ_WQX-5949870,2510.86
37.72234,-112.66991,UTAHDWQ_WQX-5949890,2517.03
37.72234,-112.66991,UTAHDWQ_WQX-5949892,2517.03
37.73281,-112.70575,UTAHDWQ_WQX-5949920,2618.28
37.70637,-112.6591,UTAHDWQ_WQX-5949930,2508.66
38.50193,-111.55685,UTAHDWQ_WQX-5955920,2347.93
40.78801,-109.47052,UTAHDWQ_WQX-5987820,2480.43
37.86109,-112.48882,UTAHDWQ_WQX-5994660,2096.79
37.89795,-112.48665,UTAHDWQ_WQX-5994665,2083.37
37.89144,-112.52383,UTAHDWQ_WQX-5994673,2167.8
37.96304,-112.4291,UTAHDWQ_WQX-5994680,1983.67
37.30803,-112.32937,UTAHDWQ_WQX-5994740,1879.87
37.27933,-112.3455,UTAHDWQ_WQX-5994788,1817.64
